min_genes,max_genes,min_counts,max_counts,max_pct_mt,target_sum,n_top_genes,do_scale,max_value,n_pcs,svd_solver,n_neighbors,metric,resolution,random_seed,marker_coherence,cluster_stability,silhouette,cluster_balance,objective
1,100000,100,100000,1.0,1000,100,True,10.0,10,arpack,20,euclidean,0.1,42,0.0,0.46431542656481234,0.3982800096273422,0.6699726363686305,0.2859478935317752
1,100000,10,100000,20.0,1000,2000,True,10.0,10,arpack,20,cosine,0.8,42,0.15909090909090906,0.7510603593917168,0.63698410987854,0.9053430493951269,0.5068855983690994
1,100000,10,100000,20.0,1000,2000,True,10.0,30,arpack,30,euclidean,0.8,42,0.13888888888888887,0.8602119874850773,0.630774512887001,0.9204319070053435,0.5318172450790133
1,100000,10,100000,20.0,1000,3000,True,10.0,50,arpack,30,euclidean,1.2,42,0.14516129032258066,0.7964922798119884,0.6001261249184608,0.9166283092373695,0.508700255980058
1,100000,10,100000,20.0,1000,2000,True,10.0,30,arpack,50,euclidean,0.6,42,0.15873015873015872,0.872151964647602,0.6241210922598839,0.9175229697726094,0.5417141683155818
1,100000,10,100000,20.0,5000,5000,True,10.0,30,arpack,50,euclidean,0.6,42,0.13636363636363635,0.837461090699819,0.6326216459274292,0.9318823793154936,0.5254963488724355
1,100000,10,100000,20.0,1000,2000,True,10.0,60,randomized,50,euclidean,0.6,42,0.19298245614035087,0.8732456812164968,0.5745726972818375,0.9420890577613976,0.5482901320535967
1,100000,10,100000,20.0,1000,4000,True,10.0,60,randomized,50,euclidean,1.0,42,0.15151515151515152,0.936117930653713,0.5958318710327148,0.9163554058745266,0.5522433545961701
200,100000,500,100000,20.0,1000,4000,True,10.0,60,randomized,50,euclidean,1.0,42,0.13888888888888887,0.9152410090424586,0.6062008291482925,0.907471845861969,0.5421152086841485
1,100000,10,100000,20.0,1000,4000,True,10.0,60,randomized,60,euclidean,1.5,42,0.16071428571428573,0.8765887342410611,0.5945923998951912,0.9211478283600527,0.5382955973730761
1,100000,10,100000,20.0,1000,4000,True,10.0,60,randomized,50,cosine,1.0,42,0.14880952380952378,0.8957458879700227,0.5926699563860893,0.9196651456299318,0.5387480817550274
1,100000,10,50000,20.0,1000,3000,True,10.0,50,randomized,50,euclidean,1.0,42,0.16666666666666663,0.8805412620864296,0.5969396904110909,0.9098108309343022,0.5411980664682439
1,100000,10,100000,20.0,1000,5000,True,10.0,60,randomized,50,euclidean,0.8,42,0.1746031746031746,0.8695476515572627,0.6060283929109573,0.9229253655994154,0.5442037804505816
1,100000,10,100000,20.0,1000,4000,True,10.0,60,randomized,40,euclidean,2.0,42,0.14215686274509803,0.8208381980931677,0.6005096435546875,0.9328938705075019,0.5165055202876773
1,100000,10,100000,20.0,1000,4000,True,10.0,60,randomized,50,euclidean,0.7,7,0.18333333333333332,0.8635204217463149,0.597329206764698,0.9265466095642392,0.5445099621665913
1,100000,10,100000,20.0,10000,4000,True,10.0,60,randomized,50,euclidean,1.0,42,0.17361111111111108,0.852958983159931,0.578069418668747,0.9187685820999926,0.5328228813361724
1,100000,10,100000,20.0,1000,6000,True,10.0,60,randomized,50,euclidean,1.0,42,0.18115942028985504,0.8635800960334269,0.596616342663765,0.9251050305285288,0.543371568511576
1,100000,10,100000,20.0,1000,4000,True,10.0,60,randomized,50,euclidean,1.2,42,0.16025641025641027,0.8838172234155645,0.5937356799840927,0.9224789004796,0.540242757172012
1,100000,10,100000,20.0,1000,3000,True,10.0,40,randomized,50,euclidean,1.0,42,0.16666666666666666,0.8792607672834745,0.6215869262814522,0.915822473083693,0.5463445294163687
1,100000,10,100000,20.0,1000,4000,True,10.0,60,randomized,30,euclidean,1.5,42,0.15517241379310345,0.8285291677135108,0.5952846482396126,0.9353104692082344,0.5232156924000406
1,100000,10,100000,20.0,1000,4000,True,10.0,20,randomized,20,euclidean,1.0,42,0.1728395061728395,0.8438896014620787,0.6338551938533783,0.9357473985353478,0.5426484615319699
1,6000,10,100000,20.0,1000,4000,True,10.0,60,randomized,50,euclidean,1.2,42,0.154320987654321,0.9015807539912389,0.5953135713934898,0.9192893535048469,0.5431942708882826
1,100000,10,100000,10.0,1000,4000,True,10.0,60,randomized,50,euclidean,1.0,42,0.17424242424242425,0.9111703948868929,0.6045102179050446,0.9388356544812747,0.557833697192174
1,100000,10,100000,10.0,1000,5000,True,10.0,60,randomized,50,euclidean,1.2,42,0.15277777777777776,0.9234732994979166,0.6144402623176575,0.9228921589975779,0.5533303693237754
1,100000,10,100000,10.0,1000,4000,True,10.0,60,randomized,45,euclidean,0.8,42,0.18253968253968256,0.9066420980793629,0.6014114916324615,0.9392175004580849,0.5592125508119827
1,100000,10,100000,10.0,1000,5000,True,10.0,60,randomized,55,euclidean,0.8,42,0.15873015873015875,0.8888412828452505,0.6064339876174927,0.9319125767835156,0.5446225035474888
1,100000,200,100000,10.0,1000,4000,True,10.0,60,randomized,45,euclidean,1.0,42,0.15277777777777776,0.9127029993469207,0.6081085726618767,0.9156053550054706,0.5481042609481097
1,100000,10,100000,10.0,1000,3000,True,10.0,60,randomized,45,euclidean,1.0,42,0.16666666666666663,0.8629823775596854,0.6019943952560425,0.9159296286900709,0.5375532218547878
1,100000,10,100000,10.0,1000,5000,True,10.0,60,randomized,45,euclidean,1.0,42,0.15151515151515152,0.8819521807799905,0.6089167147874832,0.9398778951803802,0.5409628473155924
100,100000,10,100000,10.0,1000,4000,True,10.0,60,randomized,45,euclidean,0.8,42,0.20833333333333331,0.9069884713584765,0.5999657586216927,0.9373052389680134,0.5691535503620161
100,100000,10,100000,10.0,1000,4000,True,10.0,60,randomized,45,euclidean,1.0,42,0.15277777777777776,0.9036423974594441,0.6072324141860008,0.91458177160973,0.5451084903471175
100,100000,10,100000,10.0,1000,4000,True,10.0,60,randomized,45,euclidean,1.2,42,0.16,0.9115792637077679,0.6101002022624016,0.9226125754127341,0.5517550771060841
100,100000,10,100000,10.0,1000,4000,True,10.0,60,randomized,45,euclidean,0.6,42,0.20833333333333331,0.9021991296327275,0.5980145186185837,0.9275775349614725,0.5663537294430155
100,100000,10,100000,10.0,1000,4000,True,10.0,60,randomized,45,cosine,0.8,42,0.15277777777777776,0.9083172929653908,0.6063089296221733,0.9162437402134159,0.5464924589465046
100,100000,10,100000,10.0,1000,5000,True,10.0,60,randomized,50,euclidean,0.8,42,0.15873015873015875,0.866225177964259,0.6040660738945007,0.9223984944713807,0.5364126811073794
100,100000,10,100000,10.0,1000,4000,True,10.0,50,randomized,45,euclidean,0.8,42,0.15873015873015875,0.9091226005171872,0.6106556355953217,0.9310231817286595,0.5514622889391498
100,100000,200,100000,10.0,1000,4000,True,10.0,60,randomized,35,euclidean,0.8,42,0.15873015873015875,0.9083378667012733,0.6011334583163261,0.9387385638207529,0.5500939715477859
100,100000,10,100000,10.0,1000,4000,True,10.0,60,arpack,45,euclidean,0.8,42,0.20833333333333331,0.9047394594805764,0.5989793837070465,0.9371716459035672,0.5682682125092722
200,100000,10,100000,10.0,1000,4000,True,10.0,60,randomized,45,euclidean,0.8,42,0.18253968253968256,0.8912343027682462,0.6016273647546768,0.9305557847040316,0.5537672152676855
100,100000,10,100000,10.0,1000,4000,True,10.0,60,randomized,45,euclidean,0.8,42,0.20833333333333331,0.8875726115058734,0.5999657586216927,0.9373052389680134,0.5633287924062352
100,100000,10,100000,10.0,1000,5000,True,10.0,60,randomized,45,euclidean,1.2,42,0.14102564102564102,0.9120658913693247,0.6177366599440575,0.9074765517004908,0.5443250109799145
100,100000,10,100000,10.0,1000,5000,True,10.0,60,randomized,45,euclidean,0.6,42,0.18333333333333332,0.8753083483875103,0.6019503474235535,0.9279242691291313,0.5491083342472103
100,100000,10,100000,10.0,1000,4000,True,10.0,60,arpack,50,euclidean,0.8,42,0.20833333333333331,0.9010443401495376,0.5987536162137985,0.9369928510729694,0.5670966437282512
100,100000,10,100000,10.0,1000,4000,True,10.0,60,arpack,45,euclidean,0.9,42,0.18253968253968256,0.9186605490520984,0.6011026501655579,0.9326762704438678,0.5621021948090008
100,100000,10,100000,10.0,1000,4000,True,10.0,60,arpack,55,euclidean,0.7,42,0.20833333333333331,0.8984493882410317,0.5990507379174232,0.9360277734890136,0.5662810747380288
100,100000,10,100000,10.0,5000,4000,True,10.0,80,arpack,50,euclidean,0.8,42,0.18253968253968256,0.8160224464561118,0.5667403489351273,0.9328569232672146,0.5244563690664534
100,100000,10,100000,10.0,1000,4000,True,10.0,60,arpack,50,cosine,0.9,42,0.14102564102564102,0.9020316486596703,0.609519399702549,0.9232256208004508,0.5412461930287124
100,100000,10,100000,10.0,1000,4000,True,10.0,60,randomized,48,euclidean,0.5,42,0.19298245614035087,0.800102686328145,0.5933083221316338,0.9384339529460541,0.529728848075516
100,100000,10,100000,10.0,3000,4000,True,10.0,60,randomized,45,euclidean,0.8,42,0.19841269841269837,0.9023656648502056,0.5917707830667496,0.9346894893302153,0.5618978843665126
100,100000,10,100000,10.0,1000,4000,True,10.0,60,randomized,42,euclidean,0.85,42,0.20833333333333331,0.8960888702528284,0.6017459779977798,0.9445477559975128,0.566963965608489
100,100000,10,100000,10.0,1000,3500,True,10.0,60,arpack,48,euclidean,0.75,42,0.20833333333333331,0.8834045315078258,0.5978722274303436,0.9380342310034584,0.5617325613720956
